,2024-07-12 13:20:10.419296,British Airways
,2024-07-12 13:20:10.419296,British Airways
,2024-07-12 13:20:10.419296,British Airways
,2024-07-12 13:20:10.419296,British Airways
,2024-07-12 13:20:10.419296,British Airways
,2024-07-12 13:20:10.419296,British Airways
,2024-07-12 13:20:10.419296,British Airways
,2024-07-12 13:20:10.419296,British Airways
,2024-07-12 13:20:10.419296,British Airways
,2024-07-12 13:20:10.419296,British Airways
,2024-07-12 13:20:10.419296,British Airways
,2024-07-12 13:20:10.419296,British Airways
,2024-07-12 13:20:10.419296,British Airways
5,2024-07-12 13:20:10.419296,British Airways
5,2024-07-12 13:20:10.419296,British Airways
3,2024-07-12 13:20:10.419296,British Airways
,2024-07-12 13:20:10.419296,British Airways
,2024-07-12 13:20:10.419296,British Airways
,2024-07-12 13:20:10.419296,British Airways
,2024-07-12 13:20:10.419296,British Airways
,2024-07-12 13:20:10.419296,British Airways
,2024-07-12 13:20:10.419296,British Airways
,2024-07-12 13:20:10.419296,British Airways
,2024-07-12 13:20:10.419296,British Airways
,2024-07-12 13:20:10.419296,British Airways
,2024-07-12 13:20:10.419296,British Airways
,2024-07-12 13:20:10.419296,British Airways
,2024-07-12 13:20:10.419296,British Airways
,2024-07-12 13:20:10.419296,British Airways
,2024-07-12 13:20:10.419296,British Airways
,2024-07-12 13:20:10.419296,British Airways
,2024-07-12 13:20:10.419296,British Airways
,2024-07-12 13:20:10.419296,British Airways
,2024-07-12 13:20:10.419296,British Airways
,2024-07-12 13:20:10.419296,British Airways
,2024-07-12 13:20:10.419296,British Airways
,2024-07-12 13:20:10.419296,British Airways
,2024-07-12 13:20:10.419296,British Airways
,2024-07-12 13:20:10.419296,British Airways
,2024-07-12 13:20:10.419296,British Airways
,2024-07-12 13:20:10.419296,British Airways
,2024-07-12 13:20:10.419296,British Airways
,2024-07-12 13:20:10.419296,British Airways
,2024-07-12 13:20:10.419296,British Airways
,2024-07-12 13:20:10.419296,British Airways
,2024-07-12 13:20:10.419296,British Airways
,2024-07-12 13:20:10.419296,British Airways
5,2024-07-12 13:20:10.419296,British Airways
5,2024-07-12 13:20:10.419296,British Airways
3,2024-07-12 13:20:10.419296,British Airways
,2024-07-12 13:20:10.419296,British Airways
,2024-07-12 13:20:10.419296,British Airways
,2024-07-12 13:20:10.419296,British Airways
,2024-07-12 13:20:10.419296,British Airways
,2024-07-12 13:20:10.419296,British Airways
,2024-07-12 13:20:10.419296,British Airways
,2024-07-12 13:20:10.419296,British Airways
,2024-07-12 13:20:10.419296,British Airways
,2024-07-12 13:20:10.419296,British Airways
,2024-07-12 13:20:10.419296,British Airways
,2024-07-12 13:20:10.419296,British Airways
,2024-07-12 13:20:10.419296,British Airways
,2024-07-12 13:20:10.419296,British Airways
,2024-07-12 13:20:10.419296,British Airways
,2024-07-12 13:20:10.419296,British Airways
,2024-07-12 13:20:10.419296,British Airways
,2024-07-12 13:20:10.419296,British Airways
,2024-07-12 13:20:10.419296,British Airways
,2024-07-12 13:20:10.419296,British Airways
,2024-07-12 13:20:10.419296,British Airways
,2024-07-12 13:20:10.419296,British Airways
,2024-07-12 13:20:10.419296,British Airways
,2024-07-12 13:20:10.419296,British Airways
,2024-07-12 13:20:10.419296,British Airways
,2024-07-12 13:20:10.419296,British Airways
,2024-07-12 13:20:10.419296,British Airways
,2024-07-12 13:20:10.419296,British Airways
,2024-07-12 13:20:10.419296,British Airways
,2024-07-12 13:20:10.419296,British Airways
,2024-07-12 13:20:10.419296,British Airways
,2024-07-12 13:20:10.419296,British Airways
,2024-07-12 13:20:10.419296,British Airways
,2024-07-12 13:20:10.419296,British Airways
,2024-07-12 13:20:10.419296,British Airways
,2024-07-12 13:20:10.419296,British Airways
,2024-07-12 13:20:10.419296,British Airways
,2024-07-12 13:20:10.419296,British Airways
,2024-07-12 13:20:10.419296,British Airways
,2024-07-12 13:20:10.419296,British Airways
,2024-07-12 13:20:10.419296,British Airways
,2024-07-12 13:20:10.419296,British Airways
,2024-07-12 13:20:10.419296,British Airways
,2024-07-12 13:20:10.419296,British Airways
,2024-07-12 13:20:10.419296,British Airways
,2024-07-12 13:20:10.419296,British Airways
,2024-07-12 13:20:10.419296,British Airways
,2024-07-12 13:20:10.419296,British Airways
,2024-07-12 13:20:10.419296,British Airways
,2024-07-12 13:20:10.419296,British Airways
,2024-07-12 13:20:10.419296,British Airways
,2024-07-12 13:20:10.419296,British Airways
,2024-07-12 13:20:10.419296,British Airways
,2024-07-12 13:20:10.419296,British Airways
,2024-07-12 13:20:10.419296,British Airways
,2024-07-12 13:20:10.419296,British Airways
,2024-07-12 13:20:10.419296,British Airways
,2024-07-12 13:20:10.419296,British Airways
,2024-07-12 13:20:10.419296,British Airways
,2024-07-12 13:20:10.419296,British Airways
,2024-07-12 13:20:10.419296,British Airways
,2024-07-12 13:20:10.419296,British Airways
,2024-07-12 13:20:10.419296,British Airways
,2024-07-12 13:20:10.419296,British Airways
,2024-07-12 13:20:10.419296,British Airways
,2024-07-12 13:20:10.419296,British Airways
,2024-07-12 13:20:10.419296,British Airways
,2024-07-12 13:20:10.419296,British Airways
,2024-07-12 13:20:10.419296,British Airways
,2024-07-12 13:20:10.419296,British Airways
,2024-07-12 13:20:10.419296,British Airways
,2024-07-12 13:20:10.419296,British Airways
,2024-07-12 13:20:10.419296,British Airways
,2024-07-12 13:20:10.419296,British Airways
,2024-07-12 13:20:10.419296,British Airways
,2024-07-12 13:20:10.419296,British Airways
,2024-07-12 13:20:10.419296,British Airways
,2024-07-12 13:20:10.419296,British Airways
,2024-07-12 13:20:10.419296,British Airways
,2024-07-12 13:20:10.419296,British Airways
,2024-07-12 13:20:10.419296,British Airways
,2024-07-12 13:20:10.419296,British Airways
,2024-07-12 13:20:10.419296,British Airways
,2024-07-12 13:20:10.419296,British Airways
,2024-07-12 13:20:10.419296,British Airways
,2024-07-12 13:20:10.419296,British Airways
,2024-07-12 13:20:10.419296,British Airways
,2024-07-12 13:20:10.419296,British Airways
,2024-07-12 13:20:10.419296,British Airways
,2024-07-12 13:20:10.419296,British Airways
,2024-07-12 13:20:10.419296,British Airways
,2024-07-12 13:20:10.419296,British Airways
,2024-07-12 13:20:10.419296,British Airways
,2024-07-12 13:20:10.419296,British Airways
,2024-07-12 13:20:10.419296,British Airways
,2024-07-12 13:20:10.419296,British Airways
,2024-07-12 13:20:10.419296,British Airways
,2024-07-12 13:20:10.419296,British Airways
,2024-07-12 13:20:10.419296,British Airways
,2024-07-12 13:20:10.419296,British Airways
,2024-07-12 13:20:10.419296,British Airways
,2024-07-12 13:20:10.419296,British Airways
,2024-07-12 13:20:10.419296,British Airways
,2024-07-12 13:20:10.419296,British Airways
,2024-07-12 13:20:10.419296,British Airways
,2024-07-12 13:20:10.419296,British Airways
,2024-07-12 13:20:10.419296,British Airways
,2024-07-12 13:20:10.419296,British Airways
,2024-07-12 13:20:10.419296,British Airways
,2024-07-12 13:20:10.419296,British Airways
,2024-07-12 13:20:10.419296,British Airways
,2024-07-12 13:20:10.419296,British Airways
,2024-07-12 13:20:10.419296,British Airways
,2024-07-12 13:20:10.419296,British Airways
,2024-07-12 13:20:10.419296,British Airways
,2024-07-12 13:20:10.419296,British Airways
,2024-07-12 13:20:10.419296,British Airways
,2024-07-12 13:20:10.419296,British Airways
